{
  "A & N ISLANDS": [93.23615131378185, 8.827143800258746],
  "ANDHRA PRADESH": [81.27865719795237, 15.500124633312309],
  "ARUNACHAL PRADESH": [96.1577758789063, 29.383100509643555],
  "ASSAM": [91.89840698242189, 26.338812510172563],
  "BIHAR": [86.81144866943382, 27.51944160461445],
  "CHANDIGARH": [76.81980895996105, 30.68582916259777],
  "CHHATTISGARH": [83.3275985717774, 21.69964942932129],
  "DADRA AND NAGAR HAVELI": [72.99046325683588, 20.292089462280217],
  "DAMAN AND DIU": [71.36631011962902, 20.71910619735725],
  "DELHI UT": [77.21732330322277, 28.835279464721793],
  "GOA": [73.83062171936044, 15.48060417175293],
  "GUJARAT": [71.98351345062265, 21.49450120925911],
  "HARYANA": [76.83715057373058, 30.878871917724837],
  "HIMACHAL PRADESH": [76.80275726318365, 33.23666000366211],
  "JAMMU & KASHMIR": [77.89956665039091, 35.4278945922851],
  "JHARKHAND": [87.59989166259771, 25.314662933349553],
  "KARNATAKA": [74.4912824630739, 14.355754335721441],
  "KERALA": [76.00014591217051, 10.536674976349],
  "LAKSHADWEEP": [72.73756917317725, 10.626205563545353],
  "MADHYA PRADESH": [78.36464691162126, 25.66884117126465],
  "MAHARASHTRA": [73.15121178877986, 18.118489014475028],
  "MANIPUR": [94.57723236084013, 25.648330688476676],
  "MEGHALAYA": [91.85383605957037, 26.10478973388672],
  "MIZORAM": [92.80079650878923, 24.419050216674805],
  "NAGALAND": [95.21444702148449, 26.936950683593693],
  "ODISHA": [86.38414039611828, 20.113896131515617],
  "PUDUCHERRY": [79.8558057149253, 13.231520811716829],
  "PUNJAB": [75.86876678466803, 32.48868179321312],
  "RAJASTHAN": [73.68944244384783, 26.57760963439964],
  "SIKKIM": [88.64525604248064, 28.09912109375017],
  "TAMIL NADU": [78.98343105316172, 9.302882122993537],
  "TRIPURA": [92.18519592285168, 24.522872924804688],
  "UTTAR PRADESH": [76.58467864990263, 28.1087810516358],
  "UTTARAKHAND": [79.19477844238287, 31.353622436523438],
  "WEST BENGAL": [88.5723426818849, 23.41597986221323],
  "India": [78.9629, 20.5937]
}
