Accident,Low,Up,Normalized,Points
265,0,18,0.003046572318728947,1
37756,18,30,0.43406182817332123,5
34123,30,45,0.39229504615844474,5
14086,45,60,0.1619396893645885,2
753,60,100,0.008656863984916593,1
