Human Trafficking,Low,Up,Normalized,Points
0,0,18,0.0,1
10,18,30,0.2564102564102564,3
24,30,45,0.6153846153846154,5
4,45,60,0.10256410256410256,1
1,60,100,0.02564102564102564,1
