Sex Crime,Low,Up,Normalized,Points
2610,0,18,0.043257756563245826,1
34862,18,30,0.577797666401485,5
17370,30,45,0.2878878281622912,3
5196,45,60,0.08611774065234686,1
298,60,100,0.004939008220631132,1
